ENVO:00000000	geographic feature	macroscopic spatial feature
ENVO:00000001	bedding-plane cave	
ENVO:00000002	anthropogenic geographic feature	man-made feature	manmade feature
ENVO:00000003	mine tailing	dumping ground	mine dump	tailing
ENVO:00000004	administrative region	administrative area	administrative division	administrative entity	boundary region	civil area	district	free trade zone	governed place	leased area (government)	leased zone (government)	neutral zone (political)	prefecture	protectorate	sheikdom	sultanate	trade zone
ENVO:00000005	first-order administrative region	countries, 1st order division	first level subdivision	first-order administrative division
ENVO:00000006	second-order administrative region	countries, 2nd order division	second level subdivision	second-order administrative division
ENVO:00000007	third-order administrative region	barrio	countries, 3rd order division	third level subdivision	third-order administrative division
ENVO:00000008	fourth-order administrative region	countries, 4th order division	fourth level subdivision	fourth-order administrative division
ENVO:00000009	national geopolitical entity	country	independent nation	independent political entity	independent sovereign nation	nation	political entity	state
ENVO:00000010	transport feature	
ENVO:00000011	garden	PARK	cropland	garden	park
ENVO:00000012	hydrographic feature	OVERFALLS	eddy	fluvial feature	marine feature	overfalls	tidal ripp	upwelling
ENVO:00000013	cave system	
ENVO:00000014	canal	canal	canal bend	drain (channel)	irrigation system	lateral	watercourse
ENVO:00000015	ocean	Ocean	ocean	ocean region	sea
ENVO:00000016	sea	Sea	channel	closed sea	marginal sea	open sea	open sound	open water	sea
ENVO:00000017	saline hydrographic feature	
ENVO:00000018	dry river	
ENVO:00000019	saline lake	SalineLake	lake	salina	salt lake	salt lakes	soda lake
ENVO:00000020	lake	LAKE	Lake	broad	catch basin	lake	lakes	llyn	loch	lochan	lough	mere	mortlake	open water	pasteuer lake	tarn
ENVO:00000021	freshwater lake	FreshwaterLake
ENVO:00000022	river	River	braided river	rio	watercourse
ENVO:00000023	stream	Creek	Stream	beck	braided stream	brook	burn (hydrographic)	creek	fork (hydrographic	glacial stream	lode	millstream	rivulet	stream	stream bend	streams	watercourse
ENVO:00000025	reservoir	covered reservoir	lake	reservoir
ENVO:00000026	well	WELL	brine well	oil well	water well	well	wells
ENVO:00000027	spring	SPRING	Spring	seep	spring
ENVO:00000028	sand pit quarry	mine	sand pit
ENVO:00000029	watercourse	WATERCOURSE	awawa	barranca	beck	branch	brook	course	culvert	draw	dredged channel	fork	gulch	gully	gut	gutter	kill	lode	moat	narrows	narrows (hydrographic)	overflow channel	passage	pup	race	ravine	reach	rill	rio	rivulet	run	runnel	seachannel	seaway	spillway	stream	tideway	wash	water gap	watercourse	waterway
ENVO:00000030	dead cave	dry cave
ENVO:00000031	wadi	arroyo	coulee	gully	nullah	wadi	wadi bend	wadi junction	wadi mouth	wadis	wash	watercourse
ENVO:00000032	bay	bahia	bay	bight	embayment	firth	geo	gulf	inlet	sea loch	sea lough
ENVO:00000033	pond	POOL	Pond	lake	millpond	pond	ponds	pool	pool (water body)
ENVO:00000034	rapids	RAPIDS	cataract	rapids	torrent
ENVO:00000035	marsh	Marsh	marsh	quagmire	wetland
ENVO:00000036	irrigation canal	canal	irrigation canal
ENVO:00000037	ditch	agricultural drain	canal	ditch	drain	watercourse
ENVO:00000038	lagoon	LAGOON	Lagoon	barrier lagoon	lagoon	lagoons	laguna	lake
ENVO:00000039	fjord	Fjord	fiord	fjord	fjords	inlet	loch
ENVO:00000040	waterfall	WATERFALL	cascade	cataract	fall	falls	force	linn	waterfalls
ENVO:00000041	tidal creek	stream	tidal creek
ENVO:00000042	drainage canal	canal	drainage canal
ENVO:00000043	wetland	EstuarineWetland	LacustrineWetland	MarineWetland	PalustrineWetland	RiparianWetland	TerrestialWetland	WETLAND	Wetland	WetlandRegion	back marsh	backswamp	backwater	barrier flat	blanket bog	bog	cienaga	dismal	everglade	floating marsh	forested wetland	marsh	mire	moor	morass	mud flat	muskeg	peat cutting area	peatland	quagmire	quaking bog	riparian area	slash	slough	slue	swamp forest	tulelands	wetland
ENVO:00000044	peatland	Peatland	bog	mire	morass	muskeg	peat bog	wetland
ENVO:00000045	estuary	Estuary	estuary	inlet	mouth
ENVO:00000046	hedge	HEDGE	hedgerow	shelter belt
ENVO:00000047	canopy	
ENVO:00000048	navigation canal	navigation canal	navigation channel	ship cannal
ENVO:00000050	geyser	GEYSER	geyser	thermal feature
ENVO:00000051	hot spring	hot spring	hotspring	spring	thermal feature	thermal spring
ENVO:00000052	crater lake	caldera lake	crater lake	crater lakes	lake
ENVO:00000053	freshwater marsh	
ENVO:00000054	saline marsh	salt marsh	salting	tidal marsh	wetland
ENVO:00000055	saline evaporation pond	lake	salt evaporation pond	salt pond	salt ponds	saltern
ENVO:00000056	fishpond	fish pond	fishponds	lake
ENVO:00000057	mangrove swamp	MangroveForest	mangal	mangrove swamp	wetland	woodland
ENVO:00000058	underground lake	underground lake
ENVO:00000059	underground river	
ENVO:00000060	underground stream	
ENVO:00000061	underground water body	
ENVO:00000062	populated place	inhabited place	inhabited region	place	populated locality	populated place	populated places	settlement
ENVO:00000063	water body	aquatic feature	bodies of water	body of water	hydrographic feature	waterbody
ENVO:00000064	road	ROAD	accessway	alley	avenue	board walk	boulevard	caravan route	cart track	causeway	drive	drove	farm lane	freeway	highway	intersection	lane	parkway	road	road bend	road junction	roadway	street	thorofare	thoroughfare	thruway	traffic circle	turnpike
ENVO:00000065	railway	RAILWAY	railroad	railroad feature
ENVO:00000066	man-made tunnel	canal tunnel	railroad tunnel	road tunnel	tunnel	tunnels	underpass
ENVO:00000067	cave	CAVE	Cave	cave	cavern	grotto	notch
ENVO:00000068	tunnel	TUNNEL	cave	natural tunnel
ENVO:00000069	distributary	distributary	stream	stream distributary	watercourse
ENVO:00000070	constructed feature	
ENVO:00000071	fault cave	
ENVO:00000072	aquaduct	WATERCOURSE BRIDGE	aqueduct
ENVO:00000073	building	BUILDING	building
ENVO:00000074	dam	DAM	Dam	barrage	dam	dam site
ENVO:00000075	bridge	BRIDGE	bridge	covered bridge	footbridge	overpass
ENVO:00000076	mine	MINE	mine site
ENVO:00000077	agricultural feature	AgriculturalLands	agricultural colony	agricultural facility	agricultural land	agricultural reserve	agricultural site	bailing station	barn	cattle dipping tank	corral	dairy	feedlot	grange	grazing allotment	irrigated field	nursery	pastoral site	sheepfold	stockyard
ENVO:00000078	farm	FARM	agricultural site	farm	farms	farmstead	nursery	ranch
ENVO:00000079	flume	canal	flume (manmade)	watercourse
ENVO:00000080	mountain range	MOUNT RANGE	cordillera	mountain chain	mountain group	mountain range	mountain system	sierra
ENVO:00000081	mountain	Mountain	cerro	cordillera	foothill	knoll	mound	mount	mountain	mountains
ENVO:00000082	hill range	
ENVO:00000083	hill	cerro	foothill	hill	hillock	hills	knoll	mount	mountain
ENVO:00000084	mountain pass	col	defile	gap	notch	pass	saddle	saddle (physiographic)	sill (physiographic)
ENVO:00000085	alpine glacier	
ENVO:00000086	plain	PLAIN	Plain	interfluve	llanos	outwash plain	plain
ENVO:00000087	cliff	CLIFF	beach scarp	bluff	ceja	cliff	ice cliff	palisade	precipice	scar	scarp	scaw	scraps
ENVO:00000088	sea cliff	coastal cliff	marine cliff
ENVO:00000089	inland cliff	crag
ENVO:00000090	coastal plain	coast	coastal zone	intertidal zone	offshore area	plain, coast	shore	shoreline
ENVO:00000091	beach	Beach	beach	beach berm	beaches	foreshore flats	lagoon beach	rivage	strand
ENVO:00000092	sea beach	strand
ENVO:00000093	lacustrine beach	
ENVO:00000094	volcanic feature	volcanic landform
ENVO:00000096	caldera	caldera	crater
ENVO:00000097	desert	DESERT	arid region	desert
ENVO:00000098	island	BarrierIsland	ISLAND	IslandArc	barrier island	cay	eyot	holm	hummock	island	island arc	islands	isle	islet	key	key (island)
ENVO:00000099	artificial island	artificial island	offshore platform
ENVO:00000100	valley	VALLEY	chasm	coulee	dale	glacial gorge	glacial trough	glen	goe	gorge	graben	gulch	gully	hollow	lavaka	median valley	moat	ravine	re-entrant	seachannel	shelf valley	strath	trench	vale	valley	valleys	water gap
ENVO:00000101	delta	DELTA	Delta	alluvial fan	bay delta	canyon delta	delta	fan	fan delta	outwash	outwash plain	pass (delta)
ENVO:00000102	cave entrance	Cueva de Altamira
ENVO:00000103	mangrove island	island	mangrove island
ENVO:00000104	undersea feature	basin	escarpment	fan	flat	fork	forks	furrow	gap	gully	hole	hole (seafloor)	ledge	levee	median valley	moat (seafloor)	ocean floor feature	pinnacle	plain	plateau	platform	province	ramp	ramp (seafloor)	ravine	ridge	ridges	rise	rise (seafloor)	saddle	seafloor feature	shelf edge	sill	spur	subsea feature	terrace	tongue (seafloor)	undersea bank	undersea basin	undersea bench	undersea cliff	undersea fan	undersea fork	undersea fracture zone	undersea furrow	undersea gap	undersea hole	undersea ledge	undersea levee	undersea median valley	undersea moat	undersea peak	undersea pinnacle	undersea plain	undersea platform	undersea ramp	undersea rise	undersea saddle	undersea shelf	undersea shelf edge	undersea shelf valley	undersea sill	undersea slope	undersea spur	undersea terrace	undersea tongue	undersea valley	underwater feature	valley	valleys
ENVO:00000105	lake surface	
ENVO:00000106	grassland	GRASSLAND	Grassland	down	downland	downs	glade	grassland	grazing area	herbaceous area	range
ENVO:00000107	heath	heath	shrubland	wetland	woodland
ENVO:00000108	meadow	grassland	hay meadow	meadow
ENVO:00000109	woodland	WOODLAND	bamboo	break	brigalow	brush	bush	caatinga	chanaral	coniferous forest	copse	deciduous forest	equatorial forest	equatorial rain forest	garique	grove	jungle	mallee scrub	monsoon forest	moor	mott	motte	mulga	mulga scrub	pine grove	rain forest	reforested area	sagebrush	scrub	shrub	silva	stand	taiga	thicket	thorn forest	tropical rain forest	wood	wooded area
ENVO:00000110	lava tunnel	lava tube
ENVO:00000111	forest	copse	forest	forest reserve	grove	national forest	wood	woodland
ENVO:00000112	tundra	Arctic land	TUNDRA	TundraEcosystem	tundra
ENVO:00000114	agricultural field	agricultural site	cropland	field	grassland
ENVO:00000115	orchard	agricultural site	cropland	orchard
ENVO:00000116	vineyard	agricultural site	cropland	vineyard	vineyards
ENVO:00000117	plantation	agricultural site	cropland	plantation field
ENVO:00000118	coconut plantation	coconut grove	wood
ENVO:00000119	planted forest	
ENVO:00000120	oil palm plantation	agricultural site	oil palm plantation	palm grove
ENVO:00000121	artificial channel	flume	improved channel
ENVO:00000122	track	footpath	path	trail
ENVO:00000123	political entity	political entity
ENVO:00000124	supranational geopolitical entity	
ENVO:00000125	mineral spring	spring	spring (hydrographic)
ENVO:00000126	sulfur spring	spring (hydrographic)	sulphur spring
ENVO:00000127	badland	badlands	barren land
ENVO:00000128	dry valley	
ENVO:00000129	stream valley	gullie	ravine
ENVO:00000130	reef	REEF	atoll reef	bank reef	barrier reef	fringing reef	ledge	reef	reef flat	reefs	shore reef	submerged reef
ENVO:00000131	glacial feature	Ice	LandIce	glacer	glacial landform	glacier feature
ENVO:00000132	ice sheet	Arctic pack	ICE FIELD	bay ice	continental glacier	continental ice	glacial tongue	ice field	ice mass	island ice	pack ice	polar ice	polar ice pack	rock glacier	shelf ice
ENVO:00000133	glacier	Glacier	RockGlacier	glacial feature	glacier	ice field	rock glacier
ENVO:00000134	permafrost	Permafrost
ENVO:00000135	buffer zone	administrative area	buffer zone
ENVO:00000136	demilitiarized zone	DEMILITIARIZED ZONE	DMZ	adminstrative area	boundary	neutral zone
ENVO:00000137	coastal inlet	coastal inlet
ENVO:00000138	cove	bayou	cove	inlet
ENVO:00000139	irrigation ditch	canal	irrigation ditch
ENVO:00000140	drainage ditch	canal	drainage ditch	rhyne
ENVO:00000141	bank	mount	shore
ENVO:00000142	stream bank	bank (hydrographic)	stream bank
ENVO:00000143	river bank	riverbank
ENVO:00000145	ice cap	ice field	icecap
ENVO:00000146	snow field	SNOWFIELD	SnowField	snowfield
ENVO:00000147	ocean current	current	ocean current
ENVO:00000148	riffle	
ENVO:00000149	artificial reef	
ENVO:00000150	coral reef	CoralReef	barrier reef	coral reef	fringing reef	reef
ENVO:00000151	sabkha	basin	flat	sabkha
ENVO:00000152	anabranch	anabranch	stream	watercourse
ENVO:00000153	headwater	HEADWATER	drainage basin	headstream	headwaters	source	stream
ENVO:00000154	flood meadow	water meadow
ENVO:00000155	cirque	CIRQUE	Cirque	cirque	cirques	coomb	coombe	corrie	cwm
ENVO:00000156	desert oasis	OASIS	oasis
ENVO:00000157	peat cut	peat cutting	peat cutting area	wetland
ENVO:00000158	causeway	causeway	road
ENVO:00000159	sugar plantation	agricultural site	sugar plantation
ENVO:00000160	sisal plantation	agricultural site	sisal plantation
ENVO:00000161	banana plantation	agricultural site	banana plantation
ENVO:00000162	tea plantation	agricultural site	tea estate	tea plantation
ENVO:00000163	coffee plantation	
ENVO:00000164	rubber plantation	agricultural site	rubber plantation
ENVO:00000165	asphalt lake	asphalt lake	basin	tar pit
ENVO:00000166	atoll	REEF, ISLAND	atoll	coral atoll	island	reef
ENVO:00000167	bar	BAR	Shoal	ball	bank	bank (hydrographic)	banks (seafloor)	bar	bar (physiographic)	barrier beach	barrier island	bay bar	bay barrier	bay head bar	baymouth bar	cuspate bar	cuspate spit	hook	hooked spit	longshore bar	marsh bar	offshore bar	point	recurved spit	sand bank	sand bar	sand hom	sand lobe	sand spit	sandbar	seafloor feature	shoal	shoal patches	shoals	spit	tongue	tongue (seafloor)	transverse bar	undersea shoal
ENVO:00000168	blowhole	blowhole
ENVO:00000169	canyon	barranca	chasm	defile	flume (natural)	gap	gorge	gulch	quebrada	ravine	valley
ENVO:00000170	dune	Dune	dune	interdune trough	mount	ridge	sand dune	sand hill	sandy area
ENVO:00000171	river valley	
ENVO:00000172	sandy desert	desert	sand desert	sandy area	sandy desert
ENVO:00000173	rocky desert	desert	rock desert
ENVO:00000174	isthmus	ISTHMUS	isthmus	land bridge	neck	submarine isthmus
ENVO:00000175	karst	karst	karst area
ENVO:00000176	elevation	
ENVO:00000177	moraine	MORAINE	glacial moraine	moraine
ENVO:00000178	levee	EMBANKMENT	REVETMENT	berm	dike	dike (manmade)	dyke	embankment	levee	revetment
ENVO:00000179	mesa	butte	mesa	plateau
ENVO:00000180	mound	mound	mount
ENVO:00000181	nunatak	glacier feature	mountain summit	nunatak	nunataks	peak
ENVO:00000182	plateau	PLATEAU	Plateau	highland	intermontane plateau	plateau	table mountain	tableknoll	tableland	tablemount	upland
ENVO:00000183	stony desert	desert	stony desert
ENVO:00000184	hanging valley	hanging valley	valley
ENVO:00000185	raised mire	raised bog	wetland
ENVO:00000186	string mire	string bog	wetland
ENVO:00000187	tundra mire	
ENVO:00000188	paisa mire	
ENVO:00000189	peat swamp	
ENVO:00000190	abyssal feature	Abyssalhill	abyssal hill	ocean floor feature
ENVO:00000191	physiographic feature	geological feature	landform
ENVO:00000192	mudflat	mud flat	wetland
ENVO:00000193	olive grove	olive grove	wood
ENVO:00000194	scree	TALUS	physiographic feature	talus slope
ENVO:00000195	sinkhole	basin	cenote	sink
ENVO:00000196	alkaline flat	chott	kavir	playa	salina
ENVO:00000197	endorheic lake	
ENVO:00000198	subglacial lake	
ENVO:00000199	meromictic lake	
ENVO:00000200	periglacial lake	
ENVO:00000201	fjord lake	
ENVO:00000202	oxbow lake	lake	oxbow	oxbow lake
ENVO:00000203	rift lake	
ENVO:00000204	ephemeral spring	
ENVO:00000205	permanent spring	
ENVO:00000206	neritic zone	
ENVO:00000207	oceanic zone	OceanLayer
ENVO:00000208	pelagic zone	
ENVO:00000209	photic zone	PhoticZone	epipelagic zone
ENVO:00000210	aphotic zone	AphoticZone
ENVO:00000211	bathypelagic zone	
ENVO:00000212	abyssalpelagic zone	
ENVO:00000213	mesopelagic zone	
ENVO:00000214	hadalpelagic zone	
ENVO:00000215	hydrothermal vent	HydrothermalVents
ENVO:00000216	fumarole	FUMAROLE	thermal feature
ENVO:00000217	solfatara	
ENVO:00000218	black smoker	active chimney	oceanic vent	sea vent
ENVO:00000219	landlocked sea	inland sea	lake
ENVO:00000220	archipelago	ISLAND CLUSTER	IslandArc	island arc	island group
ENVO:00000221	continental island	
ENVO:00000222	oceanic island	volcanic island
ENVO:00000223	continental shelf	borderland	borderland (continental margin)	platform (continental margin)	shelf	shelf edge (ocean)	shelves, continental
ENVO:00000224	slightly stratified estuary	
ENVO:00000225	highly stratified estuary	
ENVO:00000226	saline wedge estuary	salt wedge estuary
ENVO:00000227	vertically mixed estuary	
ENVO:00000228	inverse estuary	
ENVO:00000229	intermittent estuary	
ENVO:00000230	coastal wetland	
ENVO:00000231	moor	grassland	moor	shrubland	wetland	woodland
ENVO:00000232	fen	wetland
ENVO:00000233	swamp	Swamp	cienaga	swamp	wetland
ENVO:00000234	bayou	bahia	embayment	lake	slough	watercourse
ENVO:00000235	carr	
ENVO:00000236	dambo	
ENVO:00000237	hydromorphic/phreatic dambo	
ENVO:00000238	fluvial dambo	
ENVO:00000239	pocasin	wetland
ENVO:00000240	saline wetland	
ENVO:00000241	tidal mudflat	FLAT	tidal flat	wetland
ENVO:00000242	lacustrine mudflat	
ENVO:00000243	freshwater wetland	
ENVO:00000244	abyssal plain	Abyssalplain	abyssal feature
ENVO:00000245	maar	
ENVO:00000246	volcanic crater	crater
ENVO:00000247	volcano	Volcano	mount	volcano
ENVO:00000248	glacial valley	valley
ENVO:00000249	lateral moraine	moraine
ENVO:00000250	medial moraine	
ENVO:00000251	ground moraine	
ENVO:00000252	terminal moraine	delta moraine	end moraine	moraine
ENVO:00000253	scroll plane	
ENVO:00000254	till plan	
ENVO:00000255	flood plain	FLOOD PLAIN	Floodplain	bottomland	floodplain
ENVO:00000256	floodway	
ENVO:00000257	flood fringe	
ENVO:00000258	alluvial plain	
ENVO:00000259	lacustrine plain	
ENVO:00000260	prairie	grassland	llanos	pampa	plain	veld
ENVO:00000261	savanna	Savanna	grassland	savannah
ENVO:00000262	steppe	grassland	pampa	pampas	puszta
ENVO:00000263	fissure cave	
ENVO:00000264	seamount	Seamount	hill	hills	knoll	knolls	mesa	mound	mount	mountain	mountains	peak	peaks	range	sea mount	sea-mount	seaknoll	seakpeak	seamount	submarine volcano	undersea hill	undersea knoll	undersea mound
ENVO:00000265	guyot	plateau	seamount	tablemount	tablemount (seafloor)	tablemounts
ENVO:00000266	pasture	agricultural site	cropland	grassland	grazing area
ENVO:00000267	submarine canyon	SubmarineCanyon	canyon	canyons	undersea canyon	undersea ravine
ENVO:00000268	lake bed	lake	lake bottom
ENVO:00000269	land-tied island	island	land-tied island
ENVO:00000270	beaver pond	lake
ENVO:00000271	chott	shott
ENVO:00000272	confluence	confluence	stream	stream junction
ENVO:00000273	continental slope	
ENVO:00000274	continental rise	continental rise
ENVO:00000275	ocean trench	TROUGH	Trench	deep	deep sea trench	ocean trench	trench	trough	undersea trench	undersea trough
ENVO:00000276	drumlin	mount	ridge
ENVO:00000277	dry lake	lake	lake bed
ENVO:00000278	dry stream	dry stream bed	stream
ENVO:00000279	saline pan	SALT PAN	salt area	salt flat	salt pan
ENVO:00000280	escarpment	cliff	cuesta	escarpment	scarp
ENVO:00000281	fault escarpment	
ENVO:00000282	esker	ridge
ENVO:00000283	ridge	RIDGE	Ridge	arete	beach cusp	beach ridge	crest	cuesta	hogback	icecap ridge	ridge	rise (seafloor)	spur	spur (physiographic)
ENVO:00000284	quarry	mine	mine site	open pit mine	quarry
ENVO:00000285	quicksand area	QUICKSAND	bar	quicksand
ENVO:00000286	polder	physiographic feature	polder
ENVO:00000287	butte	butte	plateau
ENVO:00000288	cotton plantation	agricultural site	cotton plantation
ENVO:00000289	horst	
ENVO:00000290	graben	fault zone
ENVO:00000291	drainage basin	Basin	CATCHMENT	Catchment	Watershed	catchment	drainage basin	watershed
ENVO:00000292	watershed	RIDGE LINE	divide	drainage basin	water divide
ENVO:00000293	continental divide	
ENVO:00000294	fish farm	aquacultural site	fishery
ENVO:00000295	fish hatchery	
ENVO:00000296	rice field	agricultural site	cropland	rice paddy
ENVO:00000297	paddy field	
ENVO:00000298	iceberg	ICEBERG	IceFloe	Iceberg	arched iceberg	barrier iceberg	floeberg	glacial berg	glacial iceberg	ice mass	iceberg
ENVO:00000299	ice field	IceSheet	ice field	ice patch	ice sheet	iceberg	icecap	icefall
ENVO:00000300	scrubland	bush	chaparal area	heath	moor	scrub	scrubland	shrubland
ENVO:00000301	chaparral	chaparal area	maquis	woodland
ENVO:00000302	rift valley	RiftValley	rift zone	valley
ENVO:00000303	coast	COAST	CoastalRegion	Littoral	coast	coast line	coastal area	coastal plain	coastline	rivage	sea coast
ENVO:00000304	shore	SHORE	beach face	coastal zone	foreshore	inshore	rivage	seashore	shore	shoreface	strand
ENVO:00000305	peninsula	PENINSULA	cape	foreland	head	headland	hook	neck	ness	peninsula	point	point (physiographic)	points	promontgory	promontory	tongue	winged headland
ENVO:00000306	spit	bar	spit
ENVO:00000307	icefall	ice mass
ENVO:00000308	dune slack	interdune trough
ENVO:00000309	depression	BASIN	barrier basin	basin	cauldron	depression	non tidal basin	pan	pan (geologic)	pans	tidal basin
ENVO:00000310	impact crater	
ENVO:00000311	kettle	basin	kettle hole
ENVO:00000312	sandur	outwash plain
ENVO:00000313	blowout	blowout
ENVO:00000314	alluvial fan	delta	fan	fan (alluvial)
ENVO:00000315	bajada	desert
ENVO:00000316	intertidal zone	IntertidalZone	coastal zone	littoral zone
ENVO:00000317	tidal pool	
ENVO:00000318	high tide zone	upper littoral
ENVO:00000319	low tide zone	lower littoral
ENVO:00000320	crevasse	CREVASSE	cleft	crevice	fissure
ENVO:00000321	joint-plane cave	
ENVO:00000322	volcanic cave	lava cave
ENVO:00000323	live cave	
ENVO:00000324	outflow cave	
ENVO:00000325	polje	
ENVO:00000326	sea cave	
ENVO:00000327	speleothem	
ENVO:00000328	vadose zone	unsaturated zone
ENVO:00000329	phreatic zone	zone of saturation
ENVO:00000330	stalagmite	
ENVO:00000331	stalactite	
ENVO:00000332	doline	
ENVO:00000333	subjacent karst	
ENVO:00000334	syngenetic karst	
ENVO:00000335	polygonal karst	
ENVO:00000336	doline karst	
ENVO:00000337	orange juice	
ENVO:00000338	vomit	
ENVO:00000339	piece of rock	
ENVO:00000340	grain of sand	
ENVO:00000341	piece of gravel	
ENVO:00000342	ice cap dome	ice mass	icecap dome
ENVO:00000343	particle of silt	
ENVO:00000344	grain of desert sand	
ENVO:00000345	grain of beach sand	
ENVO:00000346	grain of acid dune sand	
ENVO:00000347	grain of sea sand	
ENVO:00000348	grain of rocky sand	
ENVO:00000349	terrarium	
ENVO:00000350	somma volcano	
ENVO:00000351	volcanic arc	
ENVO:00000352	continental arc	
ENVO:00000353	island arc	
ENVO:00000354	volcanic field	volcanic complex	volcanic group	volcanic system
ENVO:00000355	monogenetic volcanic field	
ENVO:00000356	pyroclastic cone	pyroclastic dome
ENVO:00000357	lock	
ENVO:00000358	protected area	
ENVO:00000359	natural monument	
ENVO:00000360	national forest	
ENVO:00000361	site of special scientific interest	Area of Special Scientific Interest	SSSI
ENVO:00000362	marine park	
ENVO:00000363	nature reserve	natural preserve	natural reserve	nature preserve
ENVO:00000364	national wildlife refuge	
ENVO:00000365	ramsar site	
ENVO:00000366	national nature reserve	
ENVO:00000367	national park	
ENVO:00000368	ephemeral island	
ENVO:00000369	brine pool	marine brine pool
ENVO:00000370	tuya	
ENVO:00000371	complex volcano	compound volcano
ENVO:00000372	pyroclastic shield volcano	terrestrial ignimbrite shield
ENVO:00000373	geothermal field	
ENVO:00000374	wildlife management area	
ENVO:00000375	world heritage site	
ENVO:00000376	biosphere reserve	
ENVO:00000377	artificial lake	
ENVO:00000378	canal head reservoir	
ENVO:00000380	ice shelf	
ENVO:00000381	massif	
ENVO:00000382	lake shore	lakeshore
ENVO:00000383	stream bed	dry stream bed	stream bed	stream bottom	stream channel
ENVO:00000384	river bed	river bottom	watercourse
ENVO:00000385	stream mouth	stream	stream mouth
ENVO:00000386	river mouth	
ENVO:00000387	intermittent lake	intermittent lake	intermittent lakes	lake
ENVO:00000389	intermittent wetland	intermittent wetland	wetland
ENVO:00000390	mountain spur	spur	spurs (physiographic 
ENVO:00000391	land bridge	
ENVO:00000392	ice tongue	glacial tongue	glacier tongue
ENVO:00000393	sound	channel	inlet	lake	open sound	sound	sound (body of water)	watercourse
ENVO:00000394	strait	channel	strait	watercourse
ENVO:00000395	channel	WaterChannel	channel	chutes (hydrographic)	improved channel	inlet (hydrographic)	reach (hydrographic)	sea channel	sea channels	seachannel (seafloor)	sound (bodies of water)	strait	stream channel	undersea channel	watercourse
ENVO:00000396	marine channel	channel	marine channel
ENVO:00000397	lake channel	channel	lake channel
ENVO:00000398	volcanic cone	cone	cone (geological)	lava cone
ENVO:00000399	ash cone	
ENVO:00000400	cinder cone	mount
ENVO:00000401	spatter cone	
ENVO:00000402	mud volcano	
ENVO:00000403	shield volcano	mount
ENVO:00000404	stratovolcano	composite volcano
ENVO:00000406	mid-ocean ridge	OceanRidge	undersea ridge
ENVO:00000407	subglacial volcano	tuya
ENVO:00000408	volcanic fissure	fissure	fissure vent
ENVO:00000409	whirlpool	WHRL	hydrographic feature
ENVO:00000410	kipuka	
ENVO:00000411	ford	FORD	ford	ford (crossing)	transportation feature
ENVO:00000412	tidal watercourse	
ENVO:00000413	pingo	bugor	bulginniakh	hydrolaccolith	mount	pingos
ENVO:00000414	natural arch	arches (natural formation)	natural bridge	sea arch
ENVO:00000415	raised beach	terrace
ENVO:00000416	coastal dune	
ENVO:00000417	machair	
ENVO:00000418	ria	drowned river valley	drowned valley	valley
ENVO:00000419	stack	island
ENVO:00000420	tombolo	bar	island
ENVO:00000421	wave-cut platform	marine terrace
ENVO:00000422	limestone pavement	
ENVO:00000423	river island	ait	eyot	fluvial island
ENVO:00000424	lake island	
ENVO:00000426	ocean floor	ocean bed	ocean floor feature
ENVO:00000427	meander	oxbow loop	stream	watercourse
ENVO:00000428	biome	EcosytemType	ecosystem	major habitat type
ENVO:00000429	arete	ridge
ENVO:00000430	dirt cone	
ENVO:00000431	drumlin field	drumlin swarm
ENVO:00000432	monadnock	inselberg	kopje	mount
ENVO:00000433	kame terrace	
ENVO:00000434	outwash fan	
ENVO:00000435	proglacial lake	lake
ENVO:00000436	tunnel valley	rinnental	tunnel-vale
ENVO:00000437	Nye channel	
ENVO:00000438	alas	
ENVO:00000439	dell	valley
ENVO:00000440	rock shelter	rockhouse
ENVO:00000441	terracette	
ENVO:00000442	maelstrom	
ENVO:00000443	flood control reservoir	flood control basin	retention basin	storage basin
ENVO:00000444	clearing	CLEARING	burn	burnt over area	clearing	cut line	fire break	forest clearing	glade	grassland	logged area	opening
ENVO:00000445	transvasement	
ENVO:00000446	terrestrial biome	terrestrial realm
ENVO:00000447	marine biome	marine realm
ENVO:00000448	hydroelectric reservoir	
ENVO:00000449	drinking water reservoir	
ENVO:00000450	irrigation reservoir	
ENVO:00000451	amenity lake	
ENVO:00000452	ribbon lake	
ENVO:00000453	liman	
ENVO:00000454	turlough	
ENVO:00000455	tarn	corrie loch
ENVO:00000456	tidewater glacier	
ENVO:00000457	plateau glacier	
ENVO:00000458	valley glacier	
ENVO:00000459	outlet glacier	
ENVO:00000460	penplain	
ENVO:00000461	pseudocrater	rootless vent
ENVO:00000462	polygenetic volcanic field	
ENVO:00000463	harbor	
ENVO:00000464	artificial harbor	artificial harbour
ENVO:00000465	natural harbor	natural harbour
ENVO:00000467	university campus	campus
ENVO:00000468	hydroelectric dam	
ENVO:00000469	research facility	
ENVO:00000470	irrigation dam	
ENVO:00000471	flood control dam	
ENVO:00000472	backwater	BACKWATER	wetland
ENVO:00000473	gravel pit	mine site
ENVO:00000474	cut	CUT	cutting
ENVO:00000475	inlet	INLET	Inlet	anse	arm	bay	bight	channel	closed bay	firth	gulf	inlet	ria
ENVO:00000476	lake inlet	
ENVO:00000477	mount	MOUNT	cerrito	cerro	dome	hill	hillock	hummock	inselberg	knob	knoll	koppje	monadnock	mountain	rise
ENVO:00000478	range of mounts	range (physiographic)
ENVO:00000479	mouth	MOUTH	outlet
ENVO:00000480	peak	PEAK	ahu	ice peak	mountain crest	mountain summit	nunatak	peak	peaks	summit
ENVO:00000481	pinnacle	PINNACLE	chapeirao	coral head	crag	natural rock formation	pillar	pinnacle (natural formation)	scar
ENVO:00000482	sea floor	SeaFloor	sea bed	sea bottom
ENVO:00000483	plunge pool	PLUNGE POOL
ENVO:00000484	polynya	POLYNA	Polynya	big clearing	clearing	glade	ice clearing	polynia	regional clearing
ENVO:00000485	sea shore	shore
ENVO:00000486	shoreline	SHOR	Shoreline	coastal shoreline	coastal zone	coastline
ENVO:00000487	paternoster lake	lake
ENVO:00000488	glacial lake	
ENVO:00000489	palsa	palsa bog	wetland
ENVO:00000490	consequent stream	
ENVO:00000491	subsequent stream	
ENVO:00000492	resequent stream	
ENVO:00000493	obsequent stream	watercourse
ENVO:00000494	insequent stream	
ENVO:00000495	tributary	affluent	affluent stream	confluent stream	river tributary	stream	watercourse
ENVO:00000496	rill	
ENVO:00000497	rincon	inlet
ENVO:00000498	volcanic dike	dyke (geologic)	ridge	volcanic dyke
ENVO:00000499	trough	deep	foredeep	swale	trench	trough (seafloor)
ENVO:00000500	beaver dam	dam
ENVO:00000501	bed	BOTTOM
ENVO:00000502	intermittent saline lake	intermittent salt lake	intermittent salt lakes	lake
ENVO:00000503	intermittent oxbow lake	intermittent oxbow lake	lake
ENVO:00000504	intermittent pond	intermittent pond	intermittent ponds	intermittent pool	lake
ENVO:00000505	underground irrigation canal	underground irrigation canal
ENVO:00000506	intermittent reservoir	intermittent reservoir	lake	reservoir
ENVO:00000507	wadi mouth	wadi mouth
ENVO:00000508	terrace	TERRACE	bench	bench (natural)	ledge	rock terrace	terrace
ENVO:00000509	marine terrace	bench	bench (seafloor)	marine bench
ENVO:00000510	meander neck	meander neck	physiographic feature
ENVO:00000511	blanket bog	wetland
ENVO:00000512	pond bed	pond bottom
ENVO:00000513	reservoir bed	reservoir bottom
ENVO:00000514	crater	CRATER	caldera	carter
ENVO:00000515	road cut	road cut
ENVO:00000516	hammock	hummock
ENVO:00000517	lost stream	lost river	lost watercourse	stream
ENVO:00000518	ditch mouth	canal	ditch mouth
ENVO:00000519	agricultural terrace	
ENVO:00000520	landslide	landslip	physiographic feature	slide	slide (natural)
ENVO:00000521	rockfall	physiographic feature	rockfall
ENVO:00000522	canal tunnel	canal tunnel	tunnel
ENVO:00000523	cutoff	cut off	cutoff (hydrographic)	cuttoff
ENVO:00000524	abandoned watercourse	abandoned watercourse
ENVO:00000525	canalized stream	canal	canalised stream	canalized stream
ENVO:00000526	cleft	cleft
ENVO:00000527	interfluve	interfluve	plain
ENVO:00000528	ice cap ridge	icecap reach	ridge
ENVO:00000529	beach ridge	beach ridge
ENVO:00000530	apron	apron	apron (geological)	archipelago apron	undersea apron
ENVO:00000531	ice cap depression	icecap depression
ENVO:00000532	intermittent saline evaporation pond	intermittent salt pond	lake
ENVO:00000533	landfill	disposal site
ENVO:00000534	pothole	
ENVO:00000535	weir	weir
ENVO:00000536	moatan	moatan
ENVO:00000537	boulder field	boulder field
ENVO:00000538	arrugado	arrugado
ENVO:00000539	sill	gap	sill	sill (physiographic)
ENVO:00000540	brackish lake	
ENVO:00000541	brackish pond	
ENVO:00000542	kame	mount	ridge
ENVO:00000543	swale	trough
ENVO:00000544	leat	lete
ENVO:00000545	shingle beach	pebble beach
ENVO:00000546	lake sediment	SedimentLayer
ENVO:00000547	waterhole	water hole	waterhole
ENVO:00000548	gravel field	gravel field area
ENVO:00000549	intermittent water body	intermittent body of water
ENVO:00000550	range of seamounts	cordillera	seamount chain	seamount group	seamount range	undersea cordillera	undersea mountain chain	undersea range
ENVO:00000551	endorheic basin	closed basin	terminal basin
ENVO:00000552	talik	Talik
ENVO:00000553	multipurpose dam	
ENVO:00000554	saddle dam	
ENVO:00000555	check dam	
ENVO:00000556	wing dam	
ENVO:00000557	dry dam	
ENVO:00000558	diversionary dam	
ENVO:00000559	weapons test site	
ENVO:00000560	nuclear weapons test site	
ENVO:00000561	military training area	
ENVO:00000562	park	
ENVO:00000563	pier	
ENVO:00000564	archeological site	
ENVO:00000565	sports facility	
ENVO:00000566	winter sports facility	
ENVO:00000567	calanque	
ENVO:00000856	city	municipality	town	urban area	village
ENVO:00000873	freshwater biome	freshwater realm
ENVO:00000887	Large river biome	
ENVO:00000888	Large river headwater biome	
ENVO:00000889	Large river delta biome	
ENVO:00000890	Small river biome	
ENVO:00000891	Large lake biome	
ENVO:00000892	Small lake biome	
ENVO:00000893	Xeric basin biome	
ENVO:00001995	rock	
ENVO:00001996	mine drainage	
ENVO:00001997	acid mine drainage	acid rock drainage
ENVO:00001998	soil	
ENVO:00001999	marine water body	body of marine water	marine waterbody
ENVO:00002000	slope	flank	side
ENVO:00002001	waste water	
ENVO:00002002	food product	
ENVO:00002003	feces	droppings	dung	faeces	frass	pellet
ENVO:00002004	mesoscopic physical object	
ENVO:00002005	air	
ENVO:00002006	water	
ENVO:00002007	sediment	
ENVO:00002008	dust	
ENVO:00002010	saline water	salt water	seawater
ENVO:00002011	fresh water	freshwater
ENVO:00002012	hypersaline water	
ENVO:00002013	igneous rock	
ENVO:00002014	plutonic rock	intrusive rock
ENVO:00002015	volcanic rock	
ENVO:00002016	sedimentary rock	
ENVO:00002017	metamorphic rock	
ENVO:00002018	sewage	
ENVO:00002019	brackish water	
ENVO:00002030	aquatic biome	
ENVO:00002033	carcass	corpse
ENVO:00002034	biofilm	
ENVO:00002035	meteorite	
ENVO:00002036	habitat	biotope
ENVO:00002040	wood	
ENVO:00002041	ground water	
ENVO:00002042	surface water	
ENVO:00002043	wastewater treatment plant	
ENVO:00002044	sludge	
ENVO:00002045	anaerobic sediment	anoxic sediment
ENVO:00002046	activated sludge	
ENVO:00002047	urine	
ENVO:00002048	chondrite	
ENVO:00002049	stony meteorite	
ENVO:00002050	achondrite	
ENVO:00002051	stony-iron meteorite	
ENVO:00002052	iron meteorite	
ENVO:00002053	limestone	
ENVO:00002054	chalk	
ENVO:00002055	sandstone	
ENVO:00002056	shale	
ENVO:00002057	raw primary sludge	
ENVO:00002058	secondary sludge	
ENVO:00002059	biosolids	
ENVO:00002060	oil sludge	
ENVO:00002061	oil spill	
ENVO:00002063	oil seep	methane seep	petroleam seep
ENVO:00002112	gold mine drainage	
ENVO:00002113	marine sediment	pelagic sediment {alternative name}
ENVO:00002114	contaminated sediment	
ENVO:00002115	petroleum contaminated sediment	
ENVO:00002116	contaminated soil	
ENVO:00002117	creosote contaminated soil	
ENVO:00002118	sea sand	
ENVO:00002119	alkaline hot spring	
ENVO:00002120	acid hot spring	acidic hot spring
ENVO:00002121	alkaline salt lake	soda lake
ENVO:00002122	arsenic-rich mud	
ENVO:00002123	bioreactor	
ENVO:00002124	anaerobic bioreactor	
ENVO:00002125	anaerobic dechlorinating bioreactor	
ENVO:00002126	aerobic bioreactor	
ENVO:00002127	stream sediment	
ENVO:00002128	mesophilic sulfur spring	
ENVO:00002129	anaerobic sludge	
ENVO:00002130	hypolimnion	
ENVO:00002131	epilimnion	
ENVO:00002132	metalimnion	thermocline
ENVO:00002133	anaerobic mud	anoxic mud
ENVO:00002134	anaerobic stream sediment	
ENVO:00002135	treated wood	
ENVO:00002136	arsenate treated wood	
ENVO:00002137	brackish estuary	
ENVO:00002138	beach sand	
ENVO:00002139	pebble	
ENVO:00002140	cobble	
ENVO:00002141	leachate	
ENVO:00002142	borax leachate	
ENVO:00002143	calcite hot spring	
ENVO:00002144	cave wall	
ENVO:00002145	chromate contaminated soil	
ENVO:00002146	xylene contaminated soil	
ENVO:00002147	coal mine lake sediment	
ENVO:00002148	coarse beach sand	
ENVO:00002149	sea water	ocean water	seawater
ENVO:00002150	coastal sea water	coastal ocean water	coastal oceanic water	coastal seawater	coastal water
ENVO:00002152	biofilter	
ENVO:00002153	compost biofilter	
ENVO:00002154	radioactive sediment	
ENVO:00002155	high-level radioactive sediment	
ENVO:00002156	Superfund site	
ENVO:00002157	stromatolite mat	
ENVO:00002158	ditch water	
ENVO:00002159	drilling bore water	
ENVO:00002160	estuarine mud	
ENVO:00002161	fermented agave juice	
ENVO:00002162	fermenting sugar cane juice	
ENVO:00002163	fermenting Elaeis Palm sap	
ENVO:00002164	fossil	
ENVO:00002165	meat food product	
ENVO:00002166	sausage	
ENVO:00002167	platinum mine	
ENVO:00002168	gold mine	
ENVO:00002169	coal mine	
ENVO:00002170	compost	
ENVO:00002171	hay compost	
ENVO:00002172	liver paste	
ENVO:00002173	hospital	
ENVO:00002174	hot dog	
ENVO:00002175	processed meat product	prepared meat product
ENVO:00002176	contaminated sludge	
ENVO:00002177	1,4-dioxane contaminated sludge	
ENVO:00002178	iron-reducing zone of petroleum contaminated sediment	
ENVO:00002179	intertidal sediment	
ENVO:00002180	naphthalene contaminated sediment	
ENVO:00002181	neutral hot spring	
ENVO:00002182	nitrobenzene contaminated sediment	
ENVO:00002183	oil tank	
ENVO:00002184	underground physiographic feature	
ENVO:00002185	oil reservoir	
ENVO:00002186	contaminated water	polluted water
ENVO:00002187	milk formula	
ENVO:00002188	powdered milk formula	
ENVO:00002189	cheese product	
ENVO:00002190	yogurt	yoghourt	yoghurt	yougert
ENVO:00002191	animal litter	
ENVO:00002192	poultry litter	
ENVO:00002193	pulp-bleaching waste water	
ENVO:00002194	oil field production water	
ENVO:00002195	pyritic acid mine drainage	
ENVO:00002196	aquarium	
ENVO:00002197	saline water aquarium	salt water aquarium
ENVO:00002198	fresh water aquarium	
ENVO:00002199	sandy beach	
ENVO:00002200	sea ice	
ENVO:00002201	cis-dichloroethane contaminated sediment	
ENVO:00002202	organically contaminated sediment	
ENVO:00002203	inorganically contaminated sediment	
ENVO:00002204	anthropogenic contamination feature	
ENVO:00002205	unexploded-ordnance dump	
ENVO:00002206	coal mine waste	coal refuse
ENVO:00002207	self-heating coal mine waste	
ENVO:00002209	saline lake sediment	soda lake sediment
ENVO:00002210	sulfide-oxidizing bioreactor	
ENVO:00002211	thermophilic anaerobic methanogenic reactor	
ENVO:00002212	thermophilic granular sludge	
ENVO:00002213	anaerobic sludge blanket reactor	
ENVO:00002214	power plant	generating plant	generating station	power station	powerhouse
ENVO:00002215	geothermal power plant	
ENVO:00002216	plant food product	
ENVO:00002217	cabbage product	
ENVO:00002218	commercial yogurt	
ENVO:00002219	cheese starter culture	
ENVO:00002221	shop	
ENVO:00002222	food shop	
ENVO:00002223	oligotrophic water	
ENVO:00002224	eutrophic water	
ENVO:00002225	mesotrophic water	
ENVO:00002226	borehole	
ENVO:00002228	pond water	
ENVO:00002229	arenosol	psamment	sandy soil
ENVO:00002230	anthrosol	
ENVO:00002231	alisol	
ENVO:00002232	andosol	
ENVO:00002233	albeluvisol	
ENVO:00002234	acrisol	
ENVO:00002235	cambisol	
ENVO:00002236	cryosol	gelisol
ENVO:00002237	chernozem	black earth	boroll
ENVO:00002238	durisol	
ENVO:00002239	calcisol	
ENVO:00002240	kastanozem	
ENVO:00002241	leptosol	gravelly soil	stony soil
ENVO:00002242	lixisol	
ENVO:00002243	histosol	
ENVO:00002244	gleysol	gley soil
ENVO:00002245	gypsisol	
ENVO:00002246	ferralsol	oxisol
ENVO:00002247	nitisol	
ENVO:00002248	luvisol	
ENVO:00002249	phaeozem	
ENVO:00002250	plinthosol	
ENVO:00002251	planosol	
ENVO:00002252	solonchak	
ENVO:00002253	umbrisol	
ENVO:00002254	vertisol	
ENVO:00002255	solonetz	
ENVO:00002256	regosol	
ENVO:00002257	podzol	podosolic soil	podsol
ENVO:00002258	loam	
ENVO:00002259	agricultural soil	
ENVO:00002260	dune soil	
ENVO:00002261	forest soil	
ENVO:00002262	clay soil	
ENVO:00002263	garden soil	
ENVO:00002264	waste	
ENVO:00002266	chicken breeding waste	chicken yard waste
ENVO:00002267	industrial waste	
ENVO:00002268	sphagnum bog	
ENVO:00002269	thermocline	
ENVO:00002270	chemocline	
ENVO:00002271	nuclear power plant	
ENVO:00002272	waste treatment plant	WWTP
ENVO:00002273	fluvisol	
ENVO:00002274	stagnosol	
ENVO:00002275	technosol	
ENVO:00002276	animal waste	
ENVO:00002277	back-arc basin	backarc basin	basin
ENVO:00002297	environmental feature	
ENVO:00002450	ocean basin	
ENVO:00002869	hay	
ENVO:00002870	adobe	
ENVO:00002871	alluvial soil	
ENVO:00002872	bagasse	sugarcane bagasse
ENVO:00002873	organic waste	
ENVO:00002874	air conditioning unit	
ENVO:00002875	oil contaminated soil	
ENVO:00002926	warm seep	
ENVO:00002982	clay	
ENVO:00002983	fuel oil	
ENVO:00002984	petroleum	crude oil
ENVO:00002985	oil	
ENVO:00003030	silage	
ENVO:00003031	animal manure	
ENVO:00003032	fresh animal manure	
ENVO:00003033	mushroom compost	
ENVO:00003037	wort	
ENVO:00003038	beer wort	
ENVO:00003039	acifified beer wort	
ENVO:00003040	animal house	
ENVO:00003041	cow shed	
ENVO:00003042	piggery	
ENVO:00003043	sewage plant	
ENVO:00003044	brine	
ENVO:00003045	bacon curing brine	
ENVO:00003046	Bleu  de Bresse	Bresse Blue
ENVO:00003047	butter	
ENVO:00003048	pickled cabbage	
ENVO:00003049	Camembert	
ENVO:00003050	cane sugar	
ENVO:00003051	Cheddar cheese	
ENVO:00003052	Brie	
ENVO:00003053	Gouda	
ENVO:00003054	halloumi	
ENVO:00003055	Gorgonzola	
ENVO:00003056	Swiss cheese	
ENVO:00003057	Emmenthal	
ENVO:00003058	Harzer	Harzerkaese
ENVO:00003059	New Zealand Cheddar	
ENVO:00003060	Pont l'Eveque	
ENVO:00003061	Vacherin Mont d'Or	
ENVO:00003062	pork	
ENVO:00003063	cured meat	
ENVO:00003064	drinking water	
ENVO:00003065	distilled water	
ENVO:00003066	chicken meat product	
ENVO:00003067	beef	
ENVO:00003068	bovine milk	
ENVO:00003069	ovine milk	sheep milk
ENVO:00003070	caprine milk	
ENVO:00003071	grass silage	
ENVO:00003072	ice cream	ice-cream
ENVO:00003073	seafood product	
ENVO:00003074	manufactured product	
ENVO:00003075	anthropogenic abiotic mesoscopic feature	
ENVO:00003076	glue	adhesive	mucilage	paste
ENVO:00003077	jeotgal	
ENVO:00003078	Meshanger cheese	
ENVO:00003079	pork chop	
ENVO:00003081	metal contaminated soil	
ENVO:00003082	enriched soil	
ENVO:00003083	sarcosine enriched soil	
ENVO:00003084	trimethylamine enriched soil	
ENVO:00003085	skatole enriched soil	
ENVO:00003086	ethanol enriched soil	
ENVO:00003087	acetamide enriched soil	
ENVO:00003088	pantothenate enriched soil	
ENVO:00003089	testosterone enriched soil	
ENVO:00003090	kynurenate enriched soil	
ENVO:00003091	threonine enriched soil	
ENVO:00003092	salicylate enriched soil	
ENVO:00003093	poly-beta-hydroxybutyrate enriched soil	
ENVO:00003094	L-(+)-tartrate enriched soil	
ENVO:00003095	quinate enriched soil	
ENVO:00003096	tap water	
ENVO:00003097	bore hole water	
ENVO:00003323	tannery	
ENVO:00003779	tempeh	
ENVO:00003859	horse manure	
ENVO:00003860	pig manure	
ENVO:00003861	industrial building	
ENVO:00003862	dairy	
ENVO:00003863	food processing building	
ENVO:00003864	bakery	bakeshop
ENVO:00003869	straw	
ENVO:00003870	rice straw	
ENVO:00003871	fermented rice beverage	
ENVO:00003872	amasake	
ENVO:00003873	fermented dairy product	
ENVO:00003874	fermented fish product	
ENVO:00003875	sea water fish product	
ENVO:00003876	flour	
ENVO:00003877	plant fruit food product	
ENVO:00003878	fruit extract product	
ENVO:00003879	apple juice	
ENVO:00003880	awamori	
ENVO:00003881	bacon	
ENVO:00003882	fermented millet food product	
ENVO:00003883	millet beer	bantu beer
ENVO:00003884	farmyard manure	
ENVO:00003885	brewery	
ENVO:00003886	bottled beer	
ENVO:00003887	blue cheese	
ENVO:00003888	bottled fruit product	
ENVO:00003889	buttermilk	
ENVO:00003890	canned fruit product	
ENVO:00003891	fermented fruit product	
ENVO:00003893	cosmetic product	
ENVO:00003894	face cream product	
ENVO:00003895	paper product	
ENVO:00003896	currency note	
ENVO:00003898	miso	
ENVO:00003899	must	
ENVO:00003900	rye grass silage	
ENVO:00003903	aviation fuel	jet fuel
ENVO:00003904	yeast cake	
ENVO:00003905	vinegar	
ENVO:00003906	malt vinegar	
ENVO:00003907	nonfat dry milk	
ENVO:00003908	poultry deep litter	
ENVO:00003911	sake brewery	
ENVO:00003912	sake	
ENVO:00003913	salt pork	
ENVO:00003914	chalk soil	
ENVO:00003915	fermented soybean product	
ENVO:00003919	research station	
ENVO:00003927	stable manure	
ENVO:00003928	pickled food product	
ENVO:00003929	tape kefan	
ENVO:00003930	scum	
ENVO:00003963	warehouse	
ENVO:00003964	tobacco warehouse	
ENVO:00003965	anaerobic digester sludge	
ENVO:00003966	Bondon cheese	
ENVO:00003967	creamery	
ENVO:00003968	air filter	
ENVO:00003969	bitter cheese	
ENVO:00003970	sugar	
ENVO:00003971	brown sugar	
ENVO:00003972	evaporated milk product	
ENVO:00003973	kefir	
ENVO:00003975	vegetable oil	
ENVO:00003976	linseed oil	
ENVO:00003977	maize flour	
ENVO:00003978	potato silage	
ENVO:00003979	sour milk	
ENVO:00003980	dried milk product	
ENVO:00003982	travertine	
ENVO:00004638	sawmill	
ENVO:00004683	karst field	karst polje	polje
ENVO:00005738	foam	
ENVO:00005739	sea foam	
ENVO:00005740	paddy field soil	rice paddy soil
ENVO:00005741	alpine soil	
ENVO:00005742	arable soil	
ENVO:00005743	roadside soil	
ENVO:00005744	allotment garden soil	
ENVO:00005745	allotment garden	
ENVO:00005746	savanna soil	
ENVO:00005747	compost soil	
ENVO:00005748	dry soil	
ENVO:00005749	farm soil	
ENVO:00005750	grassland soil	
ENVO:00005751	jungle soil	
ENVO:00005752	sawah soil	
ENVO:00005753	urea enriched soil	
ENVO:00005754	fertilized soil	
ENVO:00005755	field soil	
ENVO:00005756	lawn soil	
ENVO:00005757	bacteria enriched soil	
ENVO:00005758	alluvial swamp soil	
ENVO:00005759	alluvial paddy field soil	
ENVO:00005760	burned soil	burnt soil
ENVO:00005761	meadow soil	
ENVO:00005762	chloropicrin enriched soil	
ENVO:00005763	humus-rich acidic ash soil	
ENVO:00005764	pond soil	
ENVO:00005765	frozen compost soil	
ENVO:00005766	limed soil	
ENVO:00005767	manured soil	
ENVO:00005768	orchid soil	
ENVO:00005769	mountain forest soil	
ENVO:00005770	beech forest soil	
ENVO:00005771	muddy soil	
ENVO:00005772	orchard soil	
ENVO:00005773	pasture soil	
ENVO:00005774	peat soil	peat
ENVO:00005775	salt contaminated soil	salty soil
ENVO:00005776	peaty paddy field soil	
ENVO:00005777	steppe soil	
ENVO:00005778	tropical soil	
ENVO:00005779	vegetable garden soil	
ENVO:00005780	greenhouse soil	
ENVO:00005781	heat stressed soil	
ENVO:00005782	ornithogenic soil	
ENVO:00005783	leafy wood soil	
ENVO:00005784	spruce forest soil	
ENVO:00005785	volcanic soil	
ENVO:00005786	upland soil	
ENVO:00005787	eucalyptus forest soil	
ENVO:00005788	rubber plantation soil	
ENVO:00005789	bluegrass field soil	
ENVO:00005790	red soil	
ENVO:00005791	sterile water	
ENVO:00005792	underground water	subterranean water
ENVO:00005793	muddy water	
ENVO:00005794	water scum	
ENVO:00005795	marine mud	
ENVO:00005796	marine sludge	
ENVO:00005797	lake bottom mud	
ENVO:00005798	acid dune sand	
ENVO:00005799	rocky sand	
ENVO:00005800	desert sand	
ENVO:00005801	rhizosphere	
ENVO:00005802	bulk soil	
ENVO:00005803	animal habitation	den	nest
ENVO:00005804	nest of ant	ant hill	ant's nest	
ENVO:00005805	nest of bird	bird nest	bird's nest	eyrie
ENVO:00009686	ice rise	
ENVO:00009725	ice piedmont	
ENVO:00009726	strand crack	
ENVO:00010358	fomite	
ENVO:00010442	midden	
ENVO:00010483	environmental material	portion of environmental material
ENVO:00010504	surface layer	
ENVO:00010505	aerosol	
ENVO:00010506	emulsion	
ENVO:00010621	medical instrument	
ENVO:00010622	vivarium	
ENVO:00010623	dolomite	
ENVO:00010624	botanical garden	botanic garden
ENVO:00010625	zoological garden	zoo	zoological park
ENVO:00011764	ocean time series station	
ENVO:00012408	aquifer	
ENVO:00012411	karst cave	
ENVO:0010000	animal food product	
ENVO:0010001	anthropogenic environmental material	
ENVO:0010002	cereal food product	
ENVO:0010003	agricultural environmental material	
ENVO:0010005	fermented beverage	alcoholic beverage
ENVO:0010006	fermented grape beverage	
ENVO:0010007	fermented Elaeis Palm beverage	
ENVO:0010008	fermented sugar cane beverage	
ENVO:0010009	fermented apple beverage	fermented apple
ENVO:0010010	apple beverage	
ENVO:0010011	orange fruit beverage	
ENVO:0010012	grape beverage	
ENVO:0010013	fermented cereal beverage	
ENVO:0010014	fermented agave beverage	
ENVO:0010016	sea water fish egg product	
ENVO:0010017	avian egg product	
ENVO:0010018	camelid dairy product	
ENVO:0010019	bovine dairy product	
ENVO:0010020	buffalo dairy product	
ENVO:0010021	caprine dairy product	
ENVO:0010022	donkey dairy product	
ENVO:0010023	equine dairy product	
ENVO:0010024	ovine dairy product	
ENVO:0010025	yak dairy product	
ENVO:0010026	zebra dairy product	
ENVO:0010027	reindeer dairy product	
ENVO:0010028	water buffalo dairy product	
ENVO:0010029	horse dairy product	
ENVO:0010030	domestic cattle dairy product	
ENVO:0010031	cervid dairy product	
ENVO:0010032	camelid milk	
ENVO:0010033	equine milk	
ENVO:0010034	cervid milk	
ENVO:0010035	cow's milk	
ENVO:0010036	caprine cheese product	
ENVO:0010037	ovine cheese product	
ENVO:0010038	bovine cheese product	
ENVO:0010039	cow's milk cheese	
ENVO:0010040	Limburger	
ENVO:0010041	goat's milk cheese	
ENVO:0010042	sheep's milk cheese	
ENVO:0010043	poultry meat product	
ENVO:0010044	porcine meat product	
ENVO:0010045	condiment	
ENVO:0010046	bovine meat product	
ENVO:0010047	distilled fermented grain beverage	
ENVO:0010048	distilled fermented beverage	
ENVO:0010049	soya food product	
ENVO:0010050	tea-based beverage	
ENVO:0010051	coffee-based beverage	
ENVO:0010052	fruit juice beverage	
ENVO:0010053	wheat product	
ENVO:0010054	maize product	
ENVO:0010055	fungal product	
ENVO:0010056	yeast product	
ENVO:0010057	microbial food product	
ENVO:0010058	solanaceous root product	
ENVO:0010059	plant root food product	
ENVO:0010060	potato product	
ENVO:0010061	confectionery product	
ENVO:0010062	cucurbit fruit product	
ENVO:0010063	citrus fruit product	
ENVO:0010064	melon fruit product	
ENVO:0010065	Cucumis melo fruit	
ENVO:0010066	Citrullus lanatus fruit	
ENVO:0010067	watermelon	
ENVO:0010068	citrus fruit beverage	
ENVO:0010069	pomaceous fruit beverage	
ENVO:0010070	pomaceous fruit product	
ENVO:0010071	fermented pomaceous fruit beverage	
ENVO:0010072	pomaceous fruit extract	
ENVO:0010073	citrus fruit extract	
ENVO:0010074	grape extract	
ENVO:0010075	solanaceous fruit product	
ENVO:0010076	tomato product	
ENVO:0010077	solanaceous food product	
ENVO:0010078	plant inflorescence food product	
ENVO:0010079	amaranthaceous food product	
ENVO:0010080	leguminous food product	pulse
ENVO:0010081	cruciferous food product	
ENVO:0010082	grape fruit product	
ENVO:0010083	cruciferous inflorescence food product	
ENVO:0010084	nut food product	
ENVO:0010085	plant seed food product	
ENVO:0010086	plant lipid food product	
ENVO:0010087	plant stem food product	
ENVO:0010088	invertebrate food product	
ENVO:0010089	insect food product	
ENVO:0010090	honey product	
ENVO:0010091	amaranthaceous inflorescence food product	
ENVO:0010092	processed food product	
ENVO:0010093	cooked food product	
ENVO:0010094	pickled cruciferous food product	
ENVO:0010095	bread	
ENVO:0010096	algal food product	
ENVO:0010097	rice product	
ENVO:0010098	buckewheat product	
ENVO:0010099	sorghum product	
ENVO:0010100	milet product	
ENVO:0010101	oats product	
ENVO:0010102	rye product	
ENVO:0010103	barley product	
ENVO:0010104	quinoa product	
ENVO:0010105	fonio product	
ENVO:0010106	dry peas product	
ENVO:0010107	lentil product	
ENVO:0010108	pigeon pea product	
ENVO:0010109	bambara groundnut product	
ENVO:0010110	dry broad beans product	
ENVO:0010111	chickpea product	
ENVO:0010112	cowpea product	
ENVO:0010113	dry beans product	
ENVO:0010114	winged bean product	
ENVO:0010115	vetch seed product	
ENVO:0010116	yam bean product	
ENVO:0010117	velvet bean product	
ENVO:0010118	lupin seed product	
ENVO:0010119	jack bean product	
ENVO:0010120	hyacinth bean product	
ENVO:0010121	pulses	
ENVO:0010122	wheat flour	
ENVO:0010123	pasta	
ENVO:0010124	pastry	
ENVO:0010125	baked food product	
ENVO:0010126	candy	
ENVO:0010127	cacao food product	
ENVO:0010128	cream	
ENVO:0010129	milk	
ENVO:0010130	bee food product	
ENVO:0010131	cooked smoked sausage	
ENVO:0010132	smoked sausage	
ENVO:0010133	fresh smoked sausage	
ENVO:0010134	fresh sausage	
ENVO:0010135	dry sausage	
ENVO:0010136	cooked sausage	
ENVO:0010137	smoked meat	
ENVO:0010138	fruit preserve	
ENVO:0010139	jam	
ENVO:0010140	rennet product	
ENVO:0010141	processed cheese product	
ENVO:0010142	mustard	
ENVO:0010143	creamy salad dressing	
ENVO:0010144	vinaigrette	
ENVO:0010146	nut oil	
ENVO:0010147	mayonnaise	
ENVO:0010148	soy sauce	
ENVO:0010149	fresh  sea water fish	
ENVO:0010150	natural rennet	
ENVO:0010151	microbial rennet	
ENVO:0010152	vegetable rennet	
ENVO:0010153	genetically engineered rennet	
ENVO:0010154	processed pork	
ENVO:0010155	spice product	
ENVO:0010156	animal lipid food product	
ENVO:0010157	coffee	
ENVO:0010158	tea	
ENVO:0010159	hot chocolate	
ENVO:0010160	mate	
ENVO:0010162	dry stream valley	
ENVO:0010163	dry river valley	
ENVO:0010164	fish food product	
ENVO:0010165	freshwater fish product	
ENVO:0010166	fish egg product	
ENVO:0010167	avian food product	
ENVO:0010168	animal derived beverage	
ENVO:0010169	plant derived beverage	
ENVO:0010170	fermented plant derived beverage	
ENVO:0010171	non-fermented plant derived beverage	
ENVO:01000000	humus	
ENVO:01000001	mud	
ENVO:01000002	water well	
ENVO:01000003	oil well	
ENVO:01000004	concentration basin mediterranean sea biome	
ENVO:01000005	upwelling	marine upwelling
ENVO:01000006	coastal upwelling	
ENVO:01000007	microbial feature	
ENVO:01000008	microbial mat	
ENVO:01000009	biotic mesoscopic physical object	organic material feature
ENVO:01000010	abiotic mesoscopic physical object	
ENVO:01000011	dairy product	
ENVO:01000012	milk product	
ENVO:01000013	fermented food product	
ENVO:01000014	wine	
ENVO:01000015	beer	
ENVO:01000016	silt	
ENVO:01000017	sand	
ENVO:01000018	gravel	
ENVO:01000019	cave floor	
ENVO:01000020	estuarine biome	
ENVO:01000022	marine salt marsh biome	
ENVO:01000023	marine pelagic biome	
ENVO:01000024	marine benthic biome	
ENVO:01000025	marine neritic benthic zone biome	
ENVO:01000026	marine bathyal zone biome	
ENVO:01000027	marine abyssal zone biome	
ENVO:01000028	marine hadal zone biome	
ENVO:01000029	marine reef biome	
ENVO:01000030	marine hydrothermal vent biome	
ENVO:01000032	neritic pelagic zone biome	
ENVO:01000033	oceanic pelagic zone biome	
ENVO:01000034	oceanic sea surface microlayer biome	
ENVO:01000035	oceanic epipelagic zone biome	
ENVO:01000036	oceanic mesopelagic zone biome	
ENVO:01000037	oceanic bathypelagic zone biome	
ENVO:01000038	oceanic abyssopelagic zone biome	
ENVO:01000039	oceanic hadal pelagic zone biome	
ENVO:01000040	oceanic benthopelagic zone biome	
ENVO:01000041	neritic sea surface microlayer biome	
ENVO:01000042	neritic epipelagic zone biome	
ENVO:01000043	neritic mesopelagic zone biome	
ENVO:01000044	marine pelagic feature	
ENVO:01000045	epeiric sea biome	epicontinental sea biome
ENVO:01000046	marginal sea biome	
ENVO:01000047	mediterranean sea biome	
ENVO:01000048	ocean biome	
ENVO:01000049	marine coral reef biome	
ENVO:01000050	marine subtidal rocky reef biome	
ENVO:01000051	marine black smoker biome	
ENVO:01000052	marine white smoker biome	
ENVO:01000053	marine ultramafic hydrothermal vent biome	
ENVO:01000054	marine basaltic hydrothermal vent biome	
ENVO:01000057	marine algal bloom	red tide
ENVO:01000058	kelp forest	kelp bed
ENVO:01000059	sea grass bed	
ENVO:01000061	marine wind mixed layer	epipelagic mixed layer
ENVO:01000062	marine benthic storm	
ENVO:01000064	marine downwelling	
ENVO:01000065	marine oxygen minimum zone	
ENVO:01000066	marine anoxic zone	dead zone
ENVO:01000067	marine current	
ENVO:01000068	marine streamer	
ENVO:01000069	mesoscale marine eddy	
ENVO:01000070	terrigenous sediment	
ENVO:01000071	oceanic front	
ENVO:01000072	marine Taylor column	
ENVO:01000073	marine oligotrophic desert	
ENVO:01000074	oceanic gyre	
ENVO:01000075	marine thermocline	
ENVO:01000076	marine chemocline	
ENVO:01000077	marine pycnocline	
ENVO:01000078	marine nutricline	
ENVO:01000079	marine lysocline	
ENVO:01000080	pelagic isothermal surface	
ENVO:01000081	pelagic isohaline surface	
ENVO:01000082	biogenous sediment	
ENVO:01000083	pelagic isopycnal surface	
ENVO:01000084	estuarine front	
ENVO:01000085	plume front	
ENVO:01000086	coastal buoyancy current front	
ENVO:01000087	tidal mixing front	
ENVO:01000088	mid-shelf fronts	
ENVO:01000089	shelf-slope/shelf-break front	
ENVO:01000090	coastal upwelling front	
ENVO:01000091	topographic upwelling front	
ENVO:01000092	equatorial upwelling front	
ENVO:01000093	boundary current front	
ENVO:01000094	subtropical convergence front	
ENVO:01000095	marginal ice zone front	
ENVO:01000096	water mass front	
ENVO:01000097	surface convergence	
ENVO:01000098	deep ocean current	
ENVO:01000099	marine surface current	
ENVO:01000100	along-front current	
ENVO:01000101	warm surface current	
ENVO:01000102	cold surface current	
ENVO:01000103	western boundary current	
ENVO:01000104	eastern boundary current	
ENVO:01000105	marine benthic feature	
ENVO:01000106	permanent marine thermocline	
ENVO:01000107	seasonal marine thermocline	
ENVO:01000108	marine cold-water sphere	
ENVO:01000109	marine warm-water sphere	
ENVO:01000110	hydrogenous sediment	
ENVO:01000111	cosmogenous sediment	
ENVO:01000112	polymetallic nodule	manganese nodule
ENVO:01000113	suspended sediment	
ENVO:01000114	boulder sediment	
ENVO:01000115	cobble sediment	
ENVO:01000116	pebble sediment	
ENVO:01000117	granular sediment	
ENVO:01000118	sandy sediment	
ENVO:01000119	silty sediment	
ENVO:01000120	clay sediment	
ENVO:01000121	colloidal sediment	
ENVO:01000122	marine hydrothermal vent	
ENVO:01000123	marine sponge reef biome	
ENVO:01000124	marine supra-littoral zone	marine supralittoral zone	splash zone	spray zone	supralittoral zone	supratidal zone
ENVO:01000125	marine littoral zone	
ENVO:01000126	marine sub-littoral zone	marine sublittoral zone	sublittoral zone
ENVO:01000127	marine cold seep biome	
ENVO:01000128	dilution basin mediterranean sea biome	
ENVO:01000129	marine hydrothermal vent chimney	
ENVO:01000130	marine hydrothermal plume	
ENVO:01000131	mesophilic sediment	
ENVO:01000132	thermophilic sediment	
ENVO:01000133	hyperthermophilic sediment	
ENVO:01000134	hydrothermal fluid	
ENVO:01000135	nitrate-reducing sediment	
ENVO:01000136	drop stone	Dropstone
ENVO:01000137	organic matter fall	
ENVO:01000138	plant matter fall	
ENVO:01000139	animal carcass fall	
ENVO:01000140	whale fall	
ENVO:01000141	seal fall	
ENVO:01000142	wood fall	
ENVO:01000143	marine reef	
ENVO:01000144	marine coral reef flat zone	
ENVO:01000145	marine coral reef back reef	
ENVO:01000146	marine coral reef crest	
ENVO:01000147	marine coral reef fore reef	
ENVO:01000148	marine coral reef buttress zone	
ENVO:01000149	marine coral reef deep fore reef	
ENVO:01000150	marine subtidal rocky reef	
ENVO:01000151	manganese-reducing sediment	
ENVO:01000152	iron-reducing sediment	
ENVO:01000153	sulphate-reducing sediment	
ENVO:01000154	carbon dioxide-reducing sediment	
ENVO:01000155	organic material	biomass
ENVO:01000156	biofilm material	
ENVO:01000157	microbial mat material	
ENVO:01000158	marine snow	
ENVO:01000159	organic feature	
ENVO:01000160	marine pockmark	
ENVO:01000161	marine sponge reef	
ENVO:01000162	organ	
ENVO:01000163	photophore	
ENVO:01000164	root nodule	
ENVO:01000165	trophosome	
ENVO:01000166	mycetome	
ENVO:01000167	determinate root nodule	
ENVO:01000168	indeterminate root nodule	
ENVO:01000169	indeterminate root nodule active meristem	
ENVO:01000170	indeterminate root nodule infection zone	
ENVO:01000171	indeterminate root nodule nitrogen fixation zone	
ENVO:01000172	indeterminate root nodule senescent zone	
ENVO:01000173	anoxic water	
ENVO:01000174	forest biome	
ENVO:01000175	woodland biome	
ENVO:01000176	shrubland biome	
ENVO:01000177	grassland biome	
ENVO:01000178	savanna biome	
ENVO:01000179	desert biome	
ENVO:01000180	tundra biome	
ENVO:01000181	mangrove biome	
ENVO:01000182	temperate desert biome	
ENVO:01000183	tropical desert biome	
ENVO:01000184	subtropical desert biome	
ENVO:01000185	montane desert biome	
ENVO:01000186	polar desert biome	
ENVO:01000187	subtropical savanna biome	
ENVO:01000188	tropical savanna biome	
ENVO:01000189	temperate savanna biome	prairie biome
ENVO:01000190	flooded savanna biome	marsh	swamp
ENVO:01000191	subtropical grassland biome	
ENVO:01000192	tropical grassland biome	
ENVO:01000193	temperate grassland biome	prairie biome
ENVO:01000194	montane grassland biome	
ENVO:01000195	flooded grassland biome	
ENVO:01000196	coniferous forest biome	
ENVO:01000197	broadleaf forest biome	
ENVO:01000198	mixed forest biome	
ENVO:01000199	mediterranean forest biome	
ENVO:01000200	tropical broadleaf forest biome	
ENVO:01000201	subtropical broadleaf forest biome	
ENVO:01000202	temperate broadleaf forest biome	
ENVO:01000203	environmental condition	
ENVO:01000204	tropical	
ENVO:01000205	subtropical	
ENVO:01000206	temperate	tepid
ENVO:01000207	mediterranean	
ENVO:01000208	mediterranean woodland biome	
ENVO:01000209	subtropical coniferous forest biome	
ENVO:01000210	tropical coniferous forest biome	
ENVO:01000211	temperate coniferous forest biome	
ENVO:01000212	temperate mixed forest biome	
ENVO:01000213	subtropical shrubland biome	
ENVO:01000214	tropical shrubland biome	
ENVO:01000215	temperate shrubland biome	prairie biome
ENVO:01000216	montane shrubland biome	
ENVO:01000217	mediterranean shrubland biome	
ENVO:01000218	xeric shrubland biome	
ENVO:01000219	anthropogenic terrestrial biome	
ENVO:01000220	tropical woodland biome	
ENVO:01000221	temperate woodland biome	
ENVO:01000222	subtropical woodland biome	
ENVO:01000223	montane savanna biome	
ENVO:01000224	mediterranean grassland biome	
ENVO:01000225	subtropical dry broadleaf forest biome	
ENVO:01000226	subtropical moist broadleaf forest biome	
ENVO:01000227	tropical dry broadleaf forest biome	
ENVO:01000228	tropical moist broadleaf forest biome	rainforest biome
ENVO:01000229	mediterranean savanna biome	
ENVO:01000230	arid	
ENVO:01000231	lava	
ENVO:01000232	felsic lava	silicic lava
ENVO:01000233	intermediate lava	andesitic lava
ENVO:01000234	mafic lava	basaltic lava
ENVO:01000235	ultramafic lava	
ENVO:01000236	basalt	
ENVO:01000237	coastal scrubland	coastal chaparral
ENVO:01000238	polar	frigid
ENVO:01000239	oak woodland	
ENVO:01000240	conifer woodland	
ENVO:01000241	juniper woodland	
ENVO:01000242	desert scrubland	desert scrub
ENVO:01000243	boulder	
ENVO:01000244	pinyon juniper woodland	
ENVO:01000245	cropland biome	
ENVO:01000246	village biome	
ENVO:01000247	rangeland biome	
ENVO:01000248	dense settlement biome	
ENVO:01000249	urban biome	
ENVO:01000250	subpolar coniferous forest biome	boreal forest	taiga
ENVO:01000251	subpolar	boreal	subarctic
ENVO:01000252	freshwater lake biome	
ENVO:01000253	freshwater river biome	
ENVO:01000254	environmental system	environment
ENVO:01000255	mineral deposit	ore deposit
ENVO:01000256	mineral material	
ENVO:01000257	white smoker	
ENVO:01000258	cline	
ENVO:01000259	pycnocline	stable density gradient
ENVO:01000260	nutricline	
ENVO:01000261	lysocline	
ENVO:01000262	seep	
ENVO:01000263	cold seep	hydrocarbon seep	methane seep
ENVO:01000265	hydrothermal seep	hot seep
ENVO:01000266	water vapour	aqueous vapor	aqueous vapour	water vapor
ENVO:01000267	atmosphere	
ENVO:01000268	atmospheric water vapour	atmospheric water vapor
ENVO:01000269	siltstone	
ENVO:01000270	claystone	
ENVO:01000271	clastic sedimentary rock	
ENVO:01000272	mudstone	
ENVO:01000273	lime mudstone	calcilutite	cementstone
ENVO:01000274	slate	
ENVO:01000275	structural basin	
ENVO:01000276	ecoregion	
ENVO:01000277	water ice	ice
ENVO:01000278	pingo scar	
ENVO:01000279	ice lens	ice lenses
ENVO:01000280	ecozone	
ENVO:01000281	layer	
ENVO:01000282	stratum	
ENVO:01000283	lake layer	
ENVO:01000284	amictic lake	
ENVO:01000285	holomictic lake	non-meromictic lake
ENVO:01000286	dimictic lake	
ENVO:01000287	polymictic lake	
ENVO:01000288	monomictic lake	
ENVO:01000289	cold monomictic lake	
ENVO:01000290	warm monomictic lake	
ENVO:01000291	cold polymictic lake	
ENVO:01000292	warm polymictic lake	
ENVO:01000293	ice mass	
ENVO:01000294	crevice	fracture
ENVO:01000295	marine layer	
ENVO:01000296	dry lake bed	
ENVO:01000297	freshwater river	
ENVO:01000298	continental margin	
ENVO:01000299	Taylor column	
ENVO:01000300	atmospheric Taylor column	vortex street
ENVO:01000301	estuarine water	
ENVO:01000302	outcrop	
ENVO:01000303	endolithic environment	
ENVO:01000304	high pressure environment	
ENVO:01000305	high temperature environment	
ENVO:01000306	freshwater environment	fresh water environment
ENVO:01000307	saline water environment	
ENVO:01000308	extraterrestrial enviroment	
ENVO:01000309	cold environment	
ENVO:01000310	haline environment	
ENVO:01000311	cultivated environment	CROPLAND	agricultural region	cropland	cultivated area	cultivated cropland	market garden	range	truck farm	truck garden
ENVO:01000312	culturing environment	
ENVO:01000313	anthropogenic environment	
ENVO:01000314	high osmolarity environment	
ENVO:01000315	acidic environment	
ENVO:01000316	alkaline environment	
ENVO:01000317	aquatic environment	
ENVO:01000318	extreme high temperature environment	
ENVO:01000319	rocky slope	
ENVO:01000320	marine environment	
ENVO:01000321	sea water environment	ocean water environment
ENVO:01000322	brackish water environment	
ENVO:01000323	atmospheric boundary layer	planetary boundary layer
ENVO:01000324	planetary surface	
ENVO:01000325	aquatic layer	
ENVO:01000326	deep chlorophyll maximum layer	subsurface chlorophyll maximum layer
ENVO:01000327	strand swamp	
ENVO:01000328	dome swamp	
ENVO:01000329	cypress dome	cypress dome swamp
ENVO:01000330	cypress strand swamp	cypress strand
ENVO:01000331	cypress swamp	
ENVO:01000332	gravelly slope	
ENVO:01000333	hillside	brae
ENVO:01000334	talus slope	scree slope
ENVO:01000335	understory	under story	understorey
ENVO:01000336	shrub layer	
ENVO:01000337	herb and fern layer	fern layer	ground cover	ground vegetation	herb layer	herb stratum	herbaceous layer	herbaceous stratum	herbaceous understory	regeneration layer
ENVO:01000338	litter layer	ground layer
ENVO:01000339	polar biome	
ENVO:01000340	alpine	
ENVO:01000341	subalpline	
ENVO:01000342	montane	
ENVO:01000343	altitudinal condition	
ENVO:01000344	nival	
ENVO:01000345	upper montane	
ENVO:01000346	lower montane	
ENVO:01000347	montane conifer woodland	
ENVO:01000348	maize field	
ENVO:01000349	root matter	
ENVO:01000350	autoclaved sand	
ENVO:01000352	field	
ENVO:01000353	marine mesoscale eddy field	
ENVO:01000354	ice cap climatic condition	
ENVO:01000355	vegetation layer	forest layer	forest stratum	woodland layer	woodland stratum
ENVO:01000356	granite	
ENVO:01000357	alkaline water	
ENVO:01000358	acidic water	
ENVO:01000359	limestone cave	
ENVO:01000360	solutional cave	
ENVO:01000361	primary cave	
ENVO:01000362	inflationary cave	
ENVO:01000363	erosional cave	
ENVO:01000364	glacier cave	
ENVO:01000365	ice cave	
ENVO:01000366	talus cave	
ENVO:01000367	anchialine cave	
ENVO:01000368	anchialine pool	anchialine pond
ENVO:01000369	vadose cave	
ENVO:01000370	tundra climatic condition	
ENVO:01000371	agricultural waste	
ENVO:01000372	household waste	
ENVO:01000373	biological waste	
ENVO:01000374	dry woodland	xerophytic ecosystem
ENVO:01000375	tropical marine condition	
ENVO:01000376	tropical marine semi-evergreen forest	mesophytic ecosystem	semi-evergreen forest
ENVO:01000377	humid subtropical	
ENVO:01000378	arid subtropical	desert climate	semi-arid climate	semi-desert climate
ENVO:01000379	highland subtropical	
ENVO:01000380	oceanic temperate	
ENVO:01000381	continental temperate	
ENVO:01000382	cold desert	
ENVO:01000383	temperate evergreen needleleaf forest	coniferous forest
ENVO:01000384	tropical lowland evergreen broadleaf rain forest	ran forest
ENVO:01000385	temperate deciduous broadleaf forest	
ENVO:01000386	temperate deciduous needleleaf forest	coniferous forest
ENVO:01000387	tropical deciduous broadleaf forest	rain forest
ENVO:01000388	tropical semi-deciduous broadleaf forest	rain forest
ENVO:01000389	temperate mixed broadleaf forest	
ENVO:01000390	temperate mixed needleleaf forest	coniferous forest
ENVO:01000391	tropical semi-evergreen moist broadleaf forest	rain forest
ENVO:01000392	tropical upper montane forest	
ENVO:01000393	tropical lower montane forest	
ENVO:01000394	tropical freshwater swamp forest	
ENVO:01000395	temperate sclerophyllous dry forest	
ENVO:01000396	tropical sclerophyllous dry forest	
ENVO:01000397	temperate broadleaf evergreen forest	
ENVO:01000398	temperate freshwater swamp forest	
ENVO:01000399	tropical needleleaf forest	coniferous forest
ENVO:01000400	tropical thorn forest	
ENVO:01000401	tropical mixed needleleaf forest	coniferous forest
ENVO:01000402	tropical mixed broadleaf forest	
ENVO:01000403	tropical mangrove	tropical mangrove forest
ENVO:01000404	plastic	
ENVO:01000406	snow	snow
ENVO:01000407	littoral zone	
ENVO:01000408	environmental zone	environmental area
ENVO:01000409	freshwater littoral zone	fringing wetland
ENVO:01000410	marine eulittoral zone	foreshore	intertidal zone	mediolittoral zone	midlittoral zone
ENVO:01000411	infralittoral zone	
ENVO:01000412	circalittoral zone	
ENVO:01000413	old plant	
ENVO:01000414	young plant	
ENVO:01000417	house	
ENVO:01000418	human house	
ENVO:01000419	domestic garden	
ENVO:01000420	building part	
ENVO:01000421	indoor kitchen	
ENVO:01000422	bathroom	bathing room	toilet	washroom
ENVO:01000423	living room	living-room
ENVO:01000424	patio	
ENVO:01000425	indoor toilet	bathroom	indoor lavatory	lavatory	restroom	toilet	toilet room
ENVO:01000426	room	
ENVO:01000427	carbon nanotube enriched soil	
ENVO:01000428	rocky shore	rocky intertidal shore
ENVO:01000429	burrow	
ENVO:01000430	broadleaf forest	
ENVO:01000431	mixed forest	
ENVO:01000432	swamp forest	
ENVO:01000433	needleleaf forest	coniferous forest
ENVO:01000434	sclerophyllous forest	
ENVO:01000435	montane forest	
ENVO:01000437	lava field	lava area	lava bed	lava plain
ENVO:01000438	lava flow	
ENVO:01000439	andesitic volcano	
ENVO:01000440	dacitic volcano	
ENVO:01000441	andesite	
ENVO:01000442	dacite	
ENVO:01000444	dacitic lava	
ENVO:01000445	disturbed area	
ENVO:01000446	ravine	
ENVO:01000447	roadside	
ENVO:01000448	mixed grassland	
ENVO:01000449	wet meadow	
ENVO:01000451	atmospheric carbon dioxide	
ENVO:01000452	environmental disposition	
ENVO:01000453	carbon pooling disposition	
ENVO:01000454	carbon dioxide pooling disposition	
ENVO:01000455	material pooling disposition	
ENVO:01000456	concrete masonry unit	
ENVO:01000457	masonry unit	
ENVO:01000458	concrete	
ENVO:01000459	asphalt concrete	asphaltic concrete	road pavement
ENVO:01000460	asphalt	asphaltum	bitumen	crude bitumen	pitch	tar
ENVO:01000461	refined asphalt	refined bitumen
ENVO:01000462	masonry cement	cement
ENVO:01000463	hydraulic cement	
ENVO:01000464	non-hydraulic cement	
ENVO:01000465	building wall	
ENVO:01000466	boundary wall	defensive wall
ENVO:01000467	constructed barrier	barrier
ENVO:01000468	fence	
ENVO:01000469	exterior wall	
ENVO:01000470	building envelope	building enclosure
ENVO:01000471	ceiling	A ceiling is an overhead interior surface that covers the upper limit of a room. It is not generally considered a structural element, but a finished surface concealing the underside of the floor or roof structure above.
ENVO:01000472	building roof	roof
ENVO:01000473	thatch	
ENVO:01000474	brick material	
ENVO:01000475	brick	
ENVO:01000476	plaster	render	stucco
ENVO:01000477	gypsum plaster	plaster of Paris
ENVO:01000478	cement plaster	cememnt render	cement stucco
ENVO:01000479	lime plaster	lime render	lime stucco	slaked lime plaster
ENVO:01000480	glass	
ENVO:01000481	silica-based glass	glass
ENVO:01000482	soda-lime glass	glass	soda-lime-silica glass
ENVO:01000483	flat glass	plate glass	sheet glass
ENVO:01000484	container glass	
ENVO:01000485	quartz glass	fused quartz	fused silica
ENVO:01000486	building floor	
ENVO:01000487	brick building floor	brick floor
ENVO:01000488	wooden building floor	wooden floor	wooden parquet floor
ENVO:01000489	concrete building floor	cement building floor	cement floor	concrete floor
ENVO:01000490	sandy building floor	sand floor	sandy floor
ENVO:01000491	glass building floor	glass floor
ENVO:01000492	dung building floor	dung floor
ENVO:01000493	stone building floor	rock floor	stone floor
ENVO:01000494	thatched exterior wall	thatch exterior wall	thatch wall	thatched wall
ENVO:01000495	stone exterior wall	stone wall
ENVO:01000496	straw exterior wall	straw wall
ENVO:01000497	mud exterior wall	mud wall
ENVO:01000498	pole	
ENVO:01000499	pole-reinforced mud exterior wall	mud and poles exterior wall	mud and poles wall
ENVO:01000500	brick exterior wall	brick wall
ENVO:01000501	burnt brick	
ENVO:01000502	unburnt brick	
ENVO:01000503	burnt-brick exterior wall	burnt brick exterior wall	burnt-brick wall
ENVO:01000504	unburnt-brick exterior wall	brick wall	unburnt brick exterior wall
ENVO:01000506	concrete exterior wall	concrete wall
ENVO:01000507	iron sheet	
ENVO:01000509	sheet-iron exterior wall	iron sheet wall	sheet iron wall	sheet-iron wall
ENVO:01000510	'sheet-iron building roof'	iron sheet building roof	sheet iron roof	sheet-iron roof
ENVO:01000511	thatched building roof	thatch roof	thatched roof
ENVO:01000512	wooden building roof	wood roof	wooden roof
ENVO:01000513	asbestos building roof	asbestos roof
ENVO:01000514	tile	
ENVO:01000515	tiled building roof	tile building roof	tile roof	tiled roof
ENVO:01000516	toilet fixture	toilet
ENVO:01000517	pit latrine	pit toilet
ENVO:01000519	latrine	
ENVO:01000520	latrine slab	
ENVO:01000522	latrine pit	
ENVO:01000523	pit latrine with slab floor	pit toilet
ENVO:01000524	outhouse	dunny	earth closet	latrine covering	latrine shelter	privy
ENVO:01000527	flush toilet fixture	bog	comfort room	dunny	flush toilet	head	john	lavatory	loo	pot	the heads	toilet	water closet
ENVO:01000528	dry toilet fixture	dry toilet
ENVO:01000529	chemical toilet fixture	chemical toilet
ENVO:01000530	ventilated improved pit latrine	VIP latrine	ventilated pit latrine
ENVO:01000531	covered latrine	
ENVO:01000532	covered pit latrine	
ENVO:01000533	covered pit latrine with slab floor	
ENVO:01000534	pour-flush toilet fixture	bog	comfort room	dunny	flush toilet	head	john	lavatory	loo	pot	pour flush toilet fixture	the heads	toilet	water closet
ENVO:01000535	pour-flush pit latrine	bog	dunny	head	pour-flush toilet fixture	toilet
ENVO:01000536	factory	
ENVO:01000537	atmospheric ozone	atmospheric ozone
ENVO:01000538	stratosphere	
ENVO:01000539	mesosphere	
ENVO:01000540	troposphere	
ENVO:01000541	thermosphere	
ENVO:01000542	ozone layer	ozone layer	ozone shield
ENVO:01000543	atmospheric layer	atmospheric layering
ENVO:01000544	boundary layer	boundary layer
ENVO:01000545	ionosphere	ionosphere
ENVO:01000546	exosphere	
ENVO:01000547	glaze ice layer	glaze	glaze ice
ENVO:01000548	eutrophic lake	
ENVO:01000549	mass of biological material	
ENVO:01001303	environmental role	
ENVO:01001304	oasis	cienaga
ENVO:01001305	vegetated area	
ENVO:01001306	bone element environment	
ENVO:01001308	hydroform	
ENVO:02000000	hypodermic needle	
ENVO:02000001	textile	
ENVO:02000002	bedclothing	
ENVO:02000003	pockmark field	
ENVO:02000004	nesting material	
ENVO:02000007	tissue culture	
ENVO:02000008	cell culture	
ENVO:02000009	plant tissue culture	
ENVO:02000010	organ culture	
ENVO:02000011	buffalo milk	
ENVO:02000012	camel milk	
ENVO:02000013	donkey milk	
ENVO:02000014	horse milk	
ENVO:02000015	reindeer milk	
ENVO:02000016	water buffalo milk	
ENVO:02000017	yak milk	
ENVO:02000018	zebra milk	
ENVO:02000019	bodily fluid	
ENVO:02000020	blood	
ENVO:02000021	amniotic fluid	
ENVO:02000022	excreta	
ENVO:02000023	bile	gall
ENVO:02000024	aqueous humour	
ENVO:02000025	sweat	
ENVO:02000026	chyme	chymus
ENVO:02000027	blood plasma	
ENVO:02000028	ear wax	cerumen
ENVO:02000029	cerebrospinal fluid	CSF	Liquor cerebrospinalis
ENVO:02000030	chyle	
ENVO:02000031	breast milk	
ENVO:02000032	vitreous humor	vitreous body	vitreous humour
ENVO:02000033	pleural effusion	
ENVO:02000034	tears	tear
ENVO:02000035	oronasal secretion	
ENVO:02000036	saliva	
ENVO:02000037	sebum	
ENVO:02000038	pus	
ENVO:02000039	synovial fluid	
ENVO:02000040	mucus	
ENVO:02000041	lymph	
ENVO:02000042	interstitial fluid	intercellular fluid	tissue fluid
ENVO:02000043	biological product	
ENVO:02000044	siliceous ooze	
ENVO:02000045	red clay	
ENVO:02000046	calcareous ooze	
ENVO:02000047	animal feed	
ENVO:02000048	contaminated animal feed	
ENVO:02000049	coastal water body	
ENVO:02000050	spinach	
ENVO:02000052	umbrella	
ENVO:02000053	hide	
ENVO:02000054	bone meal	
ENVO:02000055	plant feed	
ENVO:02000056	egg product	
ENVO:02000057	hen's egg product	
ENVO:02000058	cloth	
ENVO:02000059	surface soil	
ENVO:02000060	apple cider	cider
ENVO:02000061	unpasteurized orange juice	
ENVO:02000063	cake	
ENVO:02000064	cake icing	
ENVO:02000065	chocolate	
ENVO:02000066	custard	
ENVO:02000067	ground beef	beef mince	hamburger meat	minced beef
ENVO:02000068	poultry product	
ENVO:02000069	duck meat product	
ENVO:02000070	goose meat product	
ENVO:02000071	turkey meat product	
ENVO:02000072	mushroom	
ENVO:02000074	cantaloupe	cantaloup	muskmelon
ENVO:02000076	potato salad	
ENVO:02000077	salad dressing	
ENVO:02000078	clam product	
ENVO:02000079	oyster product	
ENVO:02000080	shellfish product	
ENVO:02000081	letter	
ENVO:02000082	unpasteurized goat milk cheese	
ENVO:02000083	Pecorino cheese	
ENVO:02000084	goat manure	
ENVO:02000085	unpasteurized sheep milk cheese	
ENVO:02000086	unpasteruized cow milk cheese	
ENVO:02000087	unpasteurized camel milk	
ENVO:02000088	unpasteurized caprine milk	
ENVO:02000089	unpasteurized ovine milk	
ENVO:08000001	axilla skin environment	
ENVO:08000002	mouth environment	
ENVO:2000000	chemical product	
ENVO:2000001	creosote	
ENVO:2000002	industrial wastewate treatment plant	
ENVO:2000003	agricultural wastewater treatment plant	
ENVO:2000004	algal bloom	
ENVO:2000005	freshwater algal bloom	
ENVO:2000006	nest of termite	termite nest
ENVO:2100000	anatomical entity environment	
ENVO:2100002	intestine environment	
ENVO:2100003	skin environment	
ENVO:2100004	integumental system environment	
ENVO:2100005	face skin environment	
ENVO:2100006	feather environment	
